customer_id,age,annual_income,tenure_months,plan,region,support_tickets,monthly_usage_gb,churn
CUST1000,38,67183.05,3,basic,North,5,23.52,Yes
CUST1001,23,46432.52,5,enterprise,West,0,33.16,No
CUST1002,58,47042.04,37,pro,North,3,2.34,No
CUST1003,27,31862.89,35,enterprise,South,1,23.47,No
CUST1004,53,47135.81,39,basic,West,8,17.39,Yes
CUST1005,47,44199.92,11,enterprise,South,1,23.19,No
CUST1006,64,31197.56,4,basic,West,2,30.41,Yes
CUST1007,20,58249.58,35,enterprise,East,5,27.96,No
CUST1008,47,58441.45,17,pro,North,0,29.38,No
CUST1009,61,57718.36,24,enterprise,East,0,37.66,No
CUST1010,49,77504.06,8,enterprise,South,6,15.94,No
CUST1011,46,41478.02,8,pro,East,6,39.47,Yes
CUST1012,32,57809.06,14,enterprise,South,0,19.66,No
CUST1013,18,64062.15,39,enterprise,East,2,27.77,No
CUST1014,61,50866.49,55,enterprise,West,6,16.26,No
CUST1015,21,68860.8,28,basic,North,5,24.23,No
CUST1016,52,64223.72,1,basic,South,9,15.36,Yes
CUST1017,56,46614.98,54,pro,West,7,19.61,No
CUST1018,39,50893.62,44,basic,North,3,38.06,No
CUST1019,52,75129.95,19,enterprise,North,4,20.98,No
CUST1020,32,24777.39,21,enterprise,South,9,32.55,Yes
CUST1021,69,53078.76,51,basic,South,8,19.96,No
CUST1022,68,49722.21,44,enterprise,East,7,32.44,No
CUST1023,41,58496.95,30,basic,East,3,19.56,No
CUST1024,18,28914.93,51,enterprise,North,1,36.44,No
CUST1025,48,65083.85,40,pro,North,6,18.79,No
CUST1026,28,56017.85,9,enterprise,West,2,24.66,No
CUST1027,40,63242.23,1,basic,North,8,30.11,Yes
CUST1028,30,57072.56,16,basic,East,8,10.0,Yes
CUST1029,44,54862.62,47,pro,West,9,32.69,No
CUST1030,50,58253.63,32,basic,West,2,24.54,No
CUST1031,27,26639.24,35,basic,East,8,21.46,Yes
CUST1032,53,61769.16,2,basic,West,8,1.6,Yes
CUST1033,38,37562.26,32,basic,East,7,20.57,Yes
CUST1034,33,41734.23,60,pro,South,7,5.92,No
CUST1035,22,43956.19,13,enterprise,East,1,35.93,No
CUST1036,60,43848.36,8,pro,South,1,16.23,Yes
CUST1037,71,56118.23,32,pro,East,6,8.23,No
CUST1038,19,42692.42,45,basic,West,5,20.94,No
CUST1039,25,80073.34,56,basic,North,4,11.24,No
CUST1040,66,63507.01,58,enterprise,East,6,6.4,No
CUST1041,62,45975.94,51,enterprise,,6,35.86,No
CUST1042,23,54132.85,54,basic,North,4,34.58,No
CUST1043,53,21080.28,39,basic,North,8,28.53,Yes
CUST1044,34,62207.94,19,enterprise,East,8,30.5,No
CUST1045,29,48287.51,16,basic,North,0,29.46,No
CUST1046,48,52472.76,42,enterprise,West,7,22.06,No
CUST1047,37,34654.55,21,basic,South,6,39.58,Yes
CUST1048,18,75741.83,16,pro,South,0,3.84,No
CUST1049,60,73263.89,44,pro,,7,7.82,No
CUST1050,41,93689.64,35,pro,South,0,38.64,No
CUST1051,18,,17,enterprise,South,3,20.44,No
CUST1052,23,65157.58,25,basic,East,4,25.37,No
CUST1053,72,52079.57,45,enterprise,West,5,28.97,No
CUST1054,57,49023.25,53,enterprise,West,8,6.0,No
CUST1055,71,53109.26,43,enterprise,South,1,1.73,No
CUST1056,24,39477.32,3,enterprise,,8,27.39,Yes
CUST1057,69,85604.13,57,enterprise,North,8,3.11,No
CUST1058,22,58648.07,48,basic,South,7,20.01,No
CUST1059,61,50849.69,40,enterprise,South,1,24.19,No
CUST1060,62,45051.69,0,pro,North,7,11.12,Yes
CUST1061,61,26917.82,18,pro,West,7,30.8,Yes
CUST1062,37,89188.76,1,pro,West,1,32.89,No
CUST1063,35,24979.51,59,basic,North,9,4.07,No
CUST1064,41,71934.35,32,pro,North,5,9.64,No
CUST1065,19,73176.08,43,pro,West,4,29.22,No
CUST1066,25,52507.33,48,pro,,1,37.63,No
CUST1067,65,48176.11,25,pro,North,5,37.05,No
CUST1068,35,76365.88,18,enterprise,South,3,38.86,No
CUST1069,67,24000.18,56,basic,West,8,22.19,No
CUST1070,64,33271.16,8,enterprise,East,7,2.43,Yes
CUST1071,48,40801.44,16,enterprise,East,6,26.41,No
CUST1072,43,68770.51,4,basic,West,8,9.19,Yes
CUST1073,46,33902.36,15,basic,South,5,22.46,Yes
CUST1074,69,21718.56,47,pro,West,6,29.96,Yes
CUST1075,66,63932.41,23,basic,South,1,11.21,No
CUST1076,46,39412.09,52,basic,South,0,17.3,No
CUST1077,55,45776.83,59,enterprise,West,7,10.31,No
CUST1078,51,59563.38,52,enterprise,West,1,22.28,No
CUST1079,32,47985.03,45,pro,South,4,21.37,No
CUST1080,24,69632.6,37,basic,,4,9.33,No
CUST1081,37,64927.31,20,enterprise,South,7,21.29,No
CUST1082,44,48145.44,1,basic,West,6,3.7,Yes
CUST1083,41,52612.55,21,enterprise,West,5,27.46,No
CUST1084,65,55365.17,31,basic,East,3,9.62,Yes
CUST1085,36,69322.42,39,basic,South,7,16.97,No
CUST1086,27,56718.55,1,enterprise,South,6,2.55,Yes
CUST1087,63,71342.95,5,basic,East,3,7.83,Yes
CUST1088,20,,53,pro,East,7,7.19,No
CUST1089,40,22810.49,35,basic,West,5,30.86,No
CUST1090,23,69261.2,23,enterprise,West,3,13.27,No
CUST1091,58,27229.51,49,pro,North,6,1.88,No
CUST1092,34,53954.84,38,pro,East,4,13.73,No
CUST1093,65,49095.37,17,pro,North,9,36.7,Yes
CUST1094,19,55503.62,45,pro,West,4,36.58,No
CUST1095,49,63787.72,47,pro,South,9,9.83,No
CUST1096,68,53306.41,12,pro,South,3,16.61,Yes
CUST1097,52,31458.45,56,basic,North,4,25.17,No
CUST1098,63,61716.75,8,pro,West,9,35.7,Yes
CUST1099,67,47835.24,53,pro,East,4,22.89,No
CUST1100,30,42477.86,15,basic,East,9,7.94,Yes
CUST1101,33,40404.63,51,basic,West,0,4.54,No
CUST1102,71,37326.86,56,pro,South,1,2.49,No
CUST1103,30,65977.4,55,basic,West,9,10.77,No
CUST1104,24,35651.56,22,basic,North,5,13.93,Yes
CUST1105,20,33152.21,13,basic,East,6,27.29,Yes
CUST1106,31,70355.12,30,basic,West,1,31.94,No
CUST1107,52,60040.14,44,pro,West,4,26.88,No
CUST1108,65,38253.2,26,basic,East,3,15.93,Yes
CUST1109,45,65691.59,52,basic,West,9,35.37,No
CUST1110,18,60407.96,51,pro,North,9,25.08,No
CUST1111,27,46511.91,10,basic,North,6,19.88,Yes
CUST1112,30,42284.0,2,pro,East,0,24.5,No
CUST1113,63,30283.4,10,enterprise,South,9,16.48,Yes
CUST1114,29,47718.48,60,enterprise,South,6,14.69,No
CUST1115,70,55703.31,35,enterprise,North,5,5.15,No
CUST1116,58,56064.75,19,enterprise,South,6,15.87,Yes
CUST1117,29,73984.86,31,pro,South,7,30.66,No
CUST1118,29,58006.75,4,basic,East,6,14.93,Yes
CUST1119,60,74017.97,5,enterprise,East,8,3.66,Yes
CUST1120,59,60248.42,54,basic,North,3,5.7,No
CUST1121,69,60305.44,50,enterprise,South,1,33.4,No
CUST1122,38,62214.31,52,pro,South,4,20.34,No
CUST1123,34,43206.41,23,basic,South,2,16.44,Yes
CUST1124,38,59701.73,50,pro,North,8,2.42,No
CUST1125,46,32177.74,56,basic,East,8,25.38,No
CUST1126,34,41093.67,9,pro,East,1,17.97,No
CUST1127,21,46460.79,19,enterprise,East,0,30.01,No
CUST1128,58,34528.55,57,basic,South,7,9.48,No
CUST1129,18,39578.23,33,pro,South,6,23.55,No
CUST1130,57,56450.95,0,basic,South,7,4.28,Yes
CUST1131,68,48379.9,0,basic,East,9,26.0,Yes
CUST1132,64,42397.91,0,basic,North,8,1.5,Yes
CUST1133,67,69418.74,42,basic,South,6,8.38,No
CUST1134,59,33001.51,32,pro,North,4,25.23,No
CUST1135,48,51610.47,54,pro,West,1,29.8,No
CUST1136,24,50350.36,7,pro,East,0,11.01,No
CUST1137,68,,18,enterprise,South,1,35.26,No
CUST1138,33,57869.88,10,enterprise,East,3,35.27,No
CUST1139,72,35249.77,42,enterprise,West,7,33.67,No
CUST1140,45,63228.26,56,pro,South,6,25.09,No
CUST1141,27,59628.5,39,basic,East,2,28.18,No
CUST1142,59,35518.38,47,basic,North,9,30.59,Yes
CUST1143,52,56584.05,55,enterprise,West,1,10.24,No
CUST1144,72,74716.51,5,enterprise,East,7,4.45,Yes
CUST1145,31,48003.87,16,basic,East,4,37.24,No
CUST1146,38,54618.86,30,pro,North,6,1.73,Yes
CUST1147,48,46412.72,13,enterprise,,9,32.88,Yes
CUST1148,30,45640.08,3,basic,East,7,4.28,Yes
CUST1149,49,18434.54,32,pro,South,4,32.7,Yes
CUST1150,28,69546.56,5,pro,North,5,14.55,No
CUST1151,65,80717.42,1,pro,South,4,10.9,Yes
CUST1152,42,74447.32,60,pro,South,8,23.97,No
CUST1153,20,43745.63,9,pro,East,2,18.79,No
CUST1154,32,64513.76,56,enterprise,South,8,8.07,No
CUST1155,71,33010.69,15,enterprise,East,9,21.13,Yes
CUST1156,30,49826.12,6,basic,North,3,15.68,No
CUST1157,64,48243.88,6,enterprise,North,4,8.65,Yes
CUST1158,43,62446.55,14,enterprise,East,7,1.37,Yes
CUST1159,18,50012.68,27,enterprise,West,3,26.88,No
CUST1160,59,42342.23,43,basic,North,7,17.58,Yes
CUST1161,44,52772.53,45,enterprise,,4,34.05,No
CUST1162,72,31792.09,59,basic,East,0,15.85,No
CUST1163,20,51913.8,45,basic,East,1,33.96,No
CUST1164,48,29218.89,53,pro,East,6,29.81,No
CUST1165,29,30821.3,7,enterprise,East,0,10.47,No
CUST1166,22,37425.04,44,enterprise,East,9,10.97,No
CUST1167,51,102553.89,25,pro,South,2,5.61,No
CUST1168,58,60017.87,46,basic,South,5,26.81,No
CUST1169,44,38907.21,35,enterprise,South,7,14.51,No
CUST1170,42,34521.96,43,basic,West,0,32.31,No
CUST1171,59,46150.88,27,enterprise,North,5,6.53,No
CUST1172,23,,50,basic,East,9,1.09,Yes
CUST1173,59,46155.02,37,basic,South,2,31.16,No
CUST1174,43,54511.33,57,enterprise,North,8,31.63,No
CUST1175,62,53487.7,53,pro,North,8,5.18,No
CUST1176,48,46451.96,29,basic,West,3,20.18,No
CUST1177,18,59512.57,44,enterprise,West,4,33.7,No
CUST1178,61,72270.64,40,enterprise,North,0,24.58,No
CUST1179,39,54558.51,30,pro,South,0,8.93,No
CUST1180,24,61863.7,30,enterprise,South,4,17.69,No
CUST1181,70,48350.25,31,pro,East,8,39.38,No
CUST1182,31,35998.97,21,basic,East,4,5.54,Yes
CUST1183,20,,25,enterprise,North,6,12.37,No
CUST1184,48,33817.44,50,enterprise,West,9,6.31,Yes
CUST1185,61,55937.31,40,pro,South,1,26.71,No
CUST1186,24,72042.71,23,basic,East,8,28.55,Yes
CUST1187,20,44916.49,41,enterprise,North,7,22.92,No
CUST1188,69,30292.03,25,pro,North,0,27.36,No
CUST1189,60,70043.18,26,enterprise,North,1,25.96,No
CUST1190,18,50035.95,42,basic,,3,34.85,No
CUST1191,64,36103.88,47,basic,North,5,31.07,No
CUST1192,64,52782.4,35,enterprise,West,7,26.95,No
CUST1193,21,51504.33,0,enterprise,North,6,12.79,Yes
CUST1194,71,46402.9,23,enterprise,West,7,27.24,Yes
CUST1195,41,61178.4,51,pro,West,6,31.23,No
CUST1196,66,,3,enterprise,East,9,29.17,Yes
CUST1197,71,45907.75,56,basic,West,6,27.55,No
CUST1198,69,28697.66,20,pro,East,6,6.71,Yes
CUST1199,68,81219.98,51,enterprise,South,4,39.03,No
CUST1200,67,64651.81,5,enterprise,West,6,8.42,Yes
CUST1201,32,,25,pro,South,4,23.66,No
CUST1202,52,76709.57,49,basic,South,6,23.39,No
CUST1203,51,43800.3,12,basic,South,3,4.14,Yes
CUST1204,54,37074.52,33,basic,South,0,36.94,No
CUST1205,41,33084.02,9,pro,North,5,11.58,Yes
CUST1206,31,84025.85,31,enterprise,South,4,37.06,No
CUST1207,46,55198.99,8,pro,North,5,8.44,Yes
CUST1208,21,67004.7,45,pro,West,1,34.59,No
CUST1209,63,63936.76,36,basic,North,8,16.03,Yes
CUST1210,33,63313.54,2,pro,East,0,36.16,No
CUST1211,21,51046.85,47,enterprise,,0,4.49,No
CUST1212,30,46022.79,37,pro,North,7,13.29,No
CUST1213,48,39439.52,51,basic,North,7,28.83,No
CUST1214,71,58862.62,55,pro,South,7,38.34,No
CUST1215,19,39850.59,21,pro,South,7,5.07,Yes
CUST1216,65,75715.85,35,basic,West,2,11.02,No
CUST1217,35,39892.85,51,basic,East,7,4.81,No
CUST1218,27,57425.08,57,enterprise,South,8,19.36,No
CUST1219,30,68731.76,16,basic,South,1,15.91,No
CUST1220,71,50035.48,40,basic,,8,13.97,Yes
CUST1221,71,64328.51,23,pro,North,6,9.12,Yes
CUST1222,29,40526.92,11,basic,North,1,35.63,No
CUST1223,29,,45,enterprise,South,9,12.67,No
CUST1224,51,30557.72,3,enterprise,East,5,11.63,Yes
CUST1225,23,86964.44,30,basic,East,3,7.85,No
CUST1226,28,45815.66,54,basic,East,8,37.32,No
CUST1227,40,45498.23,55,pro,West,9,30.18,No
CUST1228,64,32808.42,33,enterprise,South,0,10.12,No
CUST1229,28,61707.58,52,basic,North,1,37.09,No
CUST1230,71,34985.55,33,basic,West,1,14.35,Yes
CUST1231,35,65358.72,32,pro,North,1,5.3,No
CUST1232,32,,36,pro,West,2,37.95,No
CUST1233,62,25125.46,33,basic,West,0,31.19,No
CUST1234,39,45383.08,36,pro,West,8,2.62,Yes
CUST1235,40,52075.34,40,basic,East,1,21.47,No
CUST1236,50,46435.79,26,pro,West,0,32.47,No
CUST1237,20,66801.41,58,enterprise,East,8,32.35,No
CUST1238,25,35076.1,60,basic,East,1,12.56,No
CUST1239,56,86870.27,57,pro,North,7,23.81,No
CUST1240,50,61047.9,26,enterprise,East,4,10.11,No
CUST1241,71,28364.83,14,enterprise,West,3,22.17,Yes
CUST1242,37,38333.48,19,basic,South,5,9.25,Yes
CUST1243,55,23081.96,10,basic,East,8,13.36,Yes
CUST1244,31,44239.07,10,enterprise,North,9,34.92,No
CUST1245,42,59561.15,48,basic,South,2,16.96,No
CUST1246,30,28790.96,52,enterprise,North,7,11.11,No
CUST1247,63,74560.31,0,pro,North,7,16.2,Yes
CUST1248,72,58825.43,38,basic,West,7,27.86,Yes
CUST1249,40,36248.49,24,enterprise,East,0,31.59,No
CUST1250,46,45862.59,51,basic,West,9,15.39,No
CUST1251,39,38208.42,53,basic,East,3,38.9,No
CUST1252,19,71732.26,31,pro,East,8,24.99,No
CUST1253,64,45707.93,22,basic,East,7,37.94,Yes
CUST1254,24,36103.83,41,enterprise,South,3,38.6,No
CUST1255,57,69157.16,44,enterprise,North,2,14.83,No
CUST1256,37,44280.86,57,pro,East,8,35.58,No
CUST1257,36,56410.25,57,basic,West,2,2.88,No
CUST1258,54,74745.33,2,enterprise,West,0,31.61,No
CUST1259,18,65968.46,6,enterprise,North,0,8.27,No
CUST1260,35,75458.41,32,basic,South,6,24.27,No
CUST1261,50,57759.72,10,enterprise,West,7,24.71,Yes
CUST1262,18,43590.55,9,enterprise,South,5,11.38,Yes
CUST1263,72,69398.97,22,basic,West,9,15.73,Yes
CUST1264,55,52422.98,3,enterprise,South,3,9.3,Yes
CUST1265,29,38437.92,52,pro,East,6,24.3,No
CUST1266,22,52706.43,45,enterprise,South,6,12.71,No
CUST1267,68,56629.84,10,pro,West,2,0.8,Yes
CUST1268,41,66835.62,24,pro,West,1,38.47,No
CUST1269,53,52331.59,18,pro,South,6,1.88,Yes
CUST1270,27,52434.64,12,pro,South,8,18.01,Yes
CUST1271,28,44456.73,25,pro,South,4,38.06,No
CUST1272,46,34726.1,16,enterprise,West,9,39.6,Yes
CUST1273,50,59570.91,7,enterprise,North,8,34.15,No
CUST1274,19,40626.05,19,basic,West,1,27.94,No
CUST1275,30,47994.55,35,pro,East,3,3.1,No
CUST1276,26,58582.05,22,pro,West,2,37.5,No
CUST1277,69,44309.19,26,basic,West,3,40.0,Yes
CUST1278,24,55296.27,58,enterprise,South,0,16.48,No
CUST1279,66,46872.48,2,enterprise,East,2,22.8,No
CUST1280,51,51494.25,43,enterprise,East,0,4.92,No
CUST1281,20,67018.0,44,basic,South,1,1.97,No
CUST1282,40,51979.73,44,enterprise,West,9,33.24,No
CUST1283,45,38346.55,32,enterprise,West,8,2.64,Yes
CUST1284,50,67834.08,31,basic,North,8,10.82,Yes
CUST1285,58,53091.21,3,basic,East,5,16.76,Yes
CUST1286,26,44795.55,30,basic,South,0,20.86,No
CUST1287,40,49254.65,45,basic,South,5,25.36,No
CUST1288,28,,29,pro,South,1,27.76,No
CUST1289,20,64070.74,12,basic,East,7,38.53,No
CUST1290,54,45673.72,4,basic,North,7,39.69,Yes
CUST1291,63,39117.83,16,basic,West,6,19.79,Yes
CUST1292,40,72134.29,40,enterprise,East,3,3.59,No
CUST1293,43,59157.46,11,enterprise,South,1,31.49,No
CUST1294,38,35223.44,22,pro,South,5,5.89,Yes
CUST1295,34,52309.68,36,enterprise,West,0,37.82,No
CUST1296,28,73729.16,40,basic,South,3,6.96,No
CUST1297,23,82932.57,30,basic,South,5,0.61,No
CUST1298,68,43128.14,4,enterprise,North,8,28.58,Yes
CUST1299,18,36945.66,57,enterprise,South,6,12.18,No
CUST1300,40,35597.06,34,pro,West,6,38.87,No
CUST1301,43,73616.36,51,basic,East,9,26.51,No
CUST1302,41,29068.04,19,pro,North,3,9.29,Yes
CUST1303,27,43769.74,37,pro,East,8,9.99,Yes
CUST1304,32,66217.42,35,enterprise,North,3,34.56,No
CUST1305,51,39920.05,14,enterprise,West,3,21.88,Yes
CUST1306,55,23466.79,43,basic,West,2,34.61,No
CUST1307,66,73274.09,46,enterprise,North,7,33.29,No
CUST1308,30,26504.37,8,pro,,6,9.86,Yes
CUST1309,56,69068.6,7,enterprise,South,6,36.39,No
CUST1310,30,19018.85,55,pro,South,5,29.94,No
CUST1311,61,64261.05,15,pro,East,7,2.22,Yes
CUST1312,53,41839.19,2,enterprise,South,4,14.5,Yes
CUST1313,55,25678.2,31,basic,North,4,7.82,Yes
CUST1314,61,37265.12,37,pro,East,7,1.05,Yes
CUST1315,50,47963.25,53,basic,North,2,25.01,No
CUST1316,71,42716.01,54,pro,West,3,34.98,No
CUST1317,39,38399.93,8,enterprise,North,3,7.2,Yes
CUST1318,54,15072.17,20,basic,East,9,19.6,Yes
CUST1319,56,60620.76,42,basic,East,6,11.3,No
CUST1320,54,33019.7,8,enterprise,North,8,36.15,Yes
CUST1321,45,36783.18,23,pro,South,2,27.41,No
CUST1322,65,31621.48,15,pro,West,5,2.89,Yes
CUST1323,68,,15,basic,East,2,5.86,Yes
CUST1324,47,38710.93,49,pro,South,9,3.12,No
CUST1325,64,30888.35,21,basic,South,9,37.03,Yes
CUST1326,40,66989.53,49,enterprise,West,1,33.62,No
CUST1327,34,26170.52,40,pro,South,0,9.12,No
CUST1328,56,48153.48,6,basic,South,0,38.54,No
CUST1329,69,60482.79,46,basic,,3,11.19,No
CUST1330,38,61779.47,20,enterprise,North,7,16.51,No
CUST1331,21,70644.99,5,enterprise,East,7,39.52,No
CUST1332,18,65786.38,41,pro,North,6,24.75,No
CUST1333,23,62925.06,33,basic,East,5,17.22,No
CUST1334,53,77758.67,36,pro,South,9,10.68,No
CUST1335,67,38026.0,35,enterprise,West,8,11.49,Yes
CUST1336,26,51625.42,6,enterprise,East,2,39.59,No
CUST1337,23,72663.52,7,basic,South,8,31.21,Yes
CUST1338,65,57912.72,47,basic,North,5,31.24,No
CUST1339,49,60104.66,57,pro,West,3,13.29,No
CUST1340,64,80874.26,58,pro,East,0,9.51,No
CUST1341,42,73143.21,14,basic,East,0,10.86,No
CUST1342,31,44252.44,17,pro,West,3,39.26,No
CUST1343,67,49107.31,52,pro,East,1,13.6,No
CUST1344,28,42676.93,28,basic,North,3,34.13,No
CUST1345,67,58633.6,55,basic,East,0,32.3,No
CUST1346,26,59773.36,47,pro,North,2,18.85,No
CUST1347,59,74141.75,56,pro,North,9,9.77,No
CUST1348,20,66246.91,36,pro,North,0,2.41,No
CUST1349,25,65446.1,8,enterprise,West,0,7.57,No
CUST1350,65,12000,33,pro,West,1,14.3,Yes
CUST1351,32,50510.19,11,basic,East,4,3.22,Yes
CUST1352,44,61687.9,17,basic,East,0,26.3,Yes
CUST1353,62,12000,47,enterprise,East,6,17.17,No
CUST1354,27,40022.33,26,basic,North,3,24.51,No
CUST1355,57,45843.07,52,basic,North,1,33.8,No
CUST1356,21,35018.74,43,enterprise,West,8,26.89,No
CUST1357,48,51252.64,32,pro,West,3,33.09,No
CUST1358,40,48232.57,33,pro,East,1,25.34,No
CUST1359,57,53204.79,53,pro,East,8,23.78,No
CUST1360,22,69616.11,33,basic,South,5,9.93,No
CUST1361,47,69034.41,54,enterprise,North,5,15.56,No
CUST1362,25,30958.48,24,basic,East,5,26.69,No
CUST1363,60,65662.57,28,enterprise,North,7,25.57,No
CUST1364,51,66215.23,23,pro,South,9,15.15,No
CUST1365,19,51396.41,16,basic,South,4,28.87,No
CUST1366,33,50339.95,33,enterprise,West,1,8.47,No
CUST1367,57,58981.52,45,pro,West,5,2.15,Yes
CUST1368,45,34569.69,22,basic,West,9,5.61,Yes
CUST1369,72,48337.99,42,basic,East,1,3.66,Yes
CUST1370,44,17573.97,48,basic,North,9,22.76,Yes
CUST1371,45,36404.47,56,basic,West,6,19.91,No
CUST1372,60,53179.36,34,basic,East,8,13.54,Yes
CUST1373,23,53173.25,52,basic,North,7,3.99,No
CUST1374,21,56790.06,21,pro,North,8,27.8,No
CUST1375,44,,9,pro,East,3,20.97,Yes
CUST1376,35,45243.05,24,pro,East,8,16.09,Yes
CUST1377,37,41214.85,51,pro,East,4,8.48,No
CUST1378,41,73309.86,45,enterprise,South,5,37.25,No
CUST1379,63,47133.76,20,basic,North,6,38.08,Yes
CUST1380,32,55793.25,45,basic,West,6,37.43,No
CUST1381,21,65438.97,7,basic,,1,32.66,No
CUST1382,64,25351.91,31,basic,East,3,21.61,Yes
CUST1383,63,53973.34,6,basic,North,0,16.88,Yes
CUST1384,46,48363.1,3,enterprise,South,0,6.83,Yes
CUST1385,55,59326.7,46,basic,East,4,13.31,No
CUST1386,69,46123.47,2,pro,West,2,25.81,Yes
CUST1387,23,54907.75,11,pro,East,6,5.02,Yes
CUST1388,31,89878.36,33,basic,East,7,14.24,No
CUST1389,23,55968.1,19,enterprise,North,3,6.02,No
CUST1390,72,69344.26,19,basic,North,0,14.1,Yes
CUST1391,21,58995.07,30,basic,East,5,7.56,No
CUST1392,22,49097.93,47,enterprise,North,2,24.03,No
CUST1393,50,37489.34,44,basic,West,9,33.57,Yes
CUST1394,64,57025.86,60,basic,East,0,33.77,No
CUST1395,27,51462.15,15,basic,South,7,11.18,Yes
CUST1396,33,62189.83,32,pro,East,3,11.7,No
CUST1397,33,49097.8,15,basic,North,1,37.76,No
CUST1398,54,58415.27,5,basic,South,4,39.93,No
CUST1399,25,43230.69,5,enterprise,South,3,10.12,No
CUST1400,70,63112.37,38,pro,North,0,8.99,No
CUST1401,37,36042.28,29,enterprise,South,0,13.04,No
CUST1402,20,62202.27,46,enterprise,South,2,32.01,No
CUST1403,32,42171.57,4,basic,West,0,20.14,Yes
CUST1404,66,47419.56,55,enterprise,North,5,31.57,No
CUST1405,40,26959.78,31,enterprise,West,2,10.74,No
CUST1406,21,51042.93,51,enterprise,South,6,15.74,No
CUST1407,50,39659.64,34,enterprise,North,1,38.75,No
CUST1408,71,58816.17,37,pro,South,7,23.21,No
CUST1409,21,30198.09,50,enterprise,East,6,16.55,No
CUST1410,71,58129.09,57,pro,East,0,12.37,No
CUST1411,69,35738.98,19,pro,South,5,22.04,Yes
CUST1412,47,42263.29,5,pro,South,7,16.59,Yes
CUST1413,31,50094.5,52,basic,West,4,13.64,No
CUST1414,40,68910.95,57,pro,East,7,13.08,No
CUST1415,56,63196.86,10,pro,North,0,34.21,No
CUST1416,54,56433.1,22,enterprise,North,8,29.52,Yes
CUST1417,26,82532.2,42,pro,North,8,25.15,No
CUST1418,41,43431.1,43,pro,,7,19.99,No
CUST1419,71,58144.52,24,pro,East,8,35.7,Yes
CUST1420,20,69401.25,0,pro,South,3,23.71,No
CUST1421,43,,17,enterprise,South,4,31.03,No
CUST1422,44,34821.29,43,enterprise,West,7,38.54,No
CUST1423,35,38381.12,31,basic,East,2,8.43,No
CUST1424,37,51283.78,19,basic,East,6,31.19,Yes
CUST1425,35,38004.11,12,enterprise,East,7,16.42,No
CUST1426,38,21017.26,17,basic,South,9,18.28,Yes
CUST1427,67,55742.47,17,enterprise,West,8,34.0,Yes
CUST1428,43,,33,pro,North,4,18.26,No
CUST1429,62,38336.84,60,pro,East,3,35.49,No
CUST1430,56,44790.18,51,enterprise,North,4,7.05,No
CUST1431,65,42158.61,25,enterprise,East,6,16.01,Yes
CUST1432,29,49903.27,47,enterprise,West,4,5.78,No
CUST1433,44,53152.88,36,enterprise,South,9,17.59,No
CUST1434,68,67821.64,53,basic,South,3,27.03,No
CUST1435,36,73222.18,52,enterprise,West,4,5.69,No
CUST1436,57,72070.69,49,enterprise,East,9,8.92,No
CUST1437,61,21595.64,5,pro,North,8,3.35,Yes
CUST1438,18,25763.7,28,pro,North,7,23.81,No
CUST1439,52,55619.28,14,pro,East,5,21.46,Yes
CUST1440,70,,51,enterprise,North,3,31.23,No
CUST1441,45,23977.2,17,enterprise,North,9,4.94,Yes
CUST1442,44,56777.74,3,pro,East,4,3.32,No
CUST1443,47,84357.04,39,pro,South,5,24.82,No
CUST1444,66,60967.52,33,basic,West,3,31.71,No
CUST1445,30,28891.57,18,enterprise,North,9,28.92,Yes
CUST1446,18,63724.55,47,enterprise,East,8,14.54,No
CUST1447,40,50348.29,11,enterprise,East,6,36.01,No
CUST1448,24,34567.12,23,pro,West,1,36.51,No
CUST1449,70,82818.53,33,enterprise,East,8,15.86,No
CUST1450,30,42457.55,33,pro,West,2,32.57,No
CUST1451,18,71773.05,34,pro,North,0,32.62,No
CUST1452,67,84318.58,34,basic,East,5,25.17,No
CUST1453,58,53599.45,13,pro,West,1,4.37,Yes
CUST1454,46,31555.9,40,enterprise,West,1,23.02,No
CUST1455,28,32629.56,45,basic,West,7,24.43,No
CUST1456,42,62907.81,56,basic,North,6,22.86,No
CUST1457,65,51764.3,6,basic,North,0,18.93,Yes
CUST1458,32,52762.95,35,enterprise,West,4,2.13,No
CUST1459,24,53977.13,6,basic,South,8,6.93,Yes
CUST1460,68,67113.02,56,basic,North,0,22.46,No
CUST1461,57,30480.9,34,basic,North,8,24.8,Yes
CUST1462,53,51888.97,53,enterprise,West,3,5.33,No
CUST1463,45,73916.0,5,enterprise,East,1,3.97,No
CUST1464,24,62820.17,19,pro,South,7,24.45,No
CUST1465,18,56200.56,43,enterprise,South,8,15.72,No
CUST1466,54,30790.67,46,basic,North,0,28.81,No
CUST1467,72,76392.9,3,basic,East,7,10.59,Yes
CUST1468,72,43780.57,6,basic,West,2,39.24,Yes
CUST1469,66,32840.3,48,pro,East,3,1.02,Yes
CUST1470,52,79226.37,21,basic,South,5,31.89,Yes
CUST1471,70,62013.17,21,pro,North,8,5.31,Yes
CUST1472,21,40299.96,60,pro,North,3,9.11,No
CUST1473,63,50376.18,60,basic,West,9,27.63,No
CUST1474,66,40672.39,1,basic,South,4,24.92,Yes
CUST1475,27,39986.52,44,pro,,1,3.03,No
CUST1476,41,70229.42,46,pro,East,7,7.53,No
CUST1477,44,48760.67,46,basic,West,5,13.25,No
CUST1478,68,56673.72,51,pro,East,4,25.18,No
CUST1479,23,64823.87,37,pro,East,2,2.3,No
CUST1480,21,,36,enterprise,South,0,3.06,No
CUST1481,26,65799.58,34,enterprise,South,2,15.09,No
CUST1482,28,44302.42,15,basic,East,6,37.32,Yes
CUST1483,32,54487.42,15,enterprise,West,4,34.85,No
CUST1484,71,43126.59,30,pro,West,1,4.84,No
CUST1485,43,65503.29,11,basic,West,7,2.9,Yes
CUST1486,46,15124.37,35,basic,North,8,9.28,Yes
CUST1487,72,47993.05,27,enterprise,North,3,21.1,No
CUST1488,24,62890.53,59,pro,South,1,32.37,No
CUST1489,35,44120.01,7,enterprise,West,7,10.66,Yes
CUST1490,69,48453.38,30,enterprise,North,8,26.11,No
CUST1491,26,46787.06,51,pro,North,5,26.43,No
CUST1492,19,23868.0,5,pro,South,0,11.76,Yes
CUST1493,37,,60,basic,West,0,27.33,No
CUST1494,32,66173.57,54,enterprise,West,3,25.04,No
CUST1495,30,41701.22,17,basic,East,0,16.58,No
CUST1496,19,27075.58,15,basic,South,9,32.56,Yes
CUST1497,53,49926.16,15,enterprise,North,4,38.43,No
CUST1498,51,61296.93,48,basic,South,3,17.2,No
CUST1499,68,23831.76,42,basic,South,4,38.73,No
CUST1500,45,58452.16,1,pro,North,4,30.26,Yes
CUST1501,22,21427.13,51,enterprise,North,7,10.13,No
CUST1502,69,38732.95,35,basic,West,1,23.89,No
CUST1503,62,74129.77,26,pro,East,1,28.19,No
CUST1504,31,38513.78,0,pro,West,5,27.28,Yes
CUST1505,29,38165.27,14,pro,North,3,21.93,No
CUST1506,65,54863.08,23,pro,West,5,5.54,No
CUST1507,35,66483.15,56,pro,West,1,19.05,No
CUST1508,52,36604.53,27,pro,South,7,27.88,No
CUST1509,43,23989.91,49,pro,South,3,28.34,No
CUST1510,67,65636.9,10,basic,West,9,2.3,Yes
CUST1511,44,,4,basic,South,1,27.99,Yes
CUST1512,34,74769.39,15,basic,North,1,3.76,Yes
CUST1513,48,42061.95,20,pro,West,7,35.05,No
CUST1514,34,55661.72,39,basic,East,2,31.77,No
CUST1515,49,65791.39,35,basic,South,6,15.72,No
CUST1516,69,68267.1,4,enterprise,South,3,31.86,No
CUST1517,70,52832.74,42,pro,West,2,1.02,No
CUST1518,71,44085.61,16,enterprise,West,8,21.56,Yes
CUST1519,64,70978.64,13,enterprise,West,9,8.1,Yes
CUST1520,60,58820.77,3,basic,West,5,33.17,Yes
CUST1521,68,57453.78,33,enterprise,East,0,31.1,No
CUST1522,38,42870.92,59,enterprise,South,7,1.69,No
CUST1523,63,36944.49,45,pro,East,1,4.7,No
CUST1524,48,78365.55,32,basic,West,5,34.17,No
CUST1525,63,39948.42,59,enterprise,East,9,2.52,No
CUST1526,35,73202.9,60,enterprise,South,1,18.9,No
CUST1527,22,66112.11,21,pro,North,2,16.06,No
CUST1528,21,86395.19,42,basic,North,1,12.98,No
CUST1529,44,56809.47,48,pro,East,5,5.37,No
CUST1530,25,84112.36,60,enterprise,West,7,9.45,No
CUST1531,66,27215.1,46,basic,South,7,4.73,Yes
CUST1532,33,70899.33,52,enterprise,South,9,13.19,No
CUST1533,39,42348.92,3,basic,South,9,14.08,Yes
CUST1534,20,83813.87,20,basic,East,4,38.01,No
CUST1535,43,46421.42,14,basic,West,9,30.35,Yes
CUST1536,69,83791.97,10,basic,East,4,20.43,Yes
CUST1537,37,65301.64,21,enterprise,North,5,35.89,No
CUST1538,67,76234.89,47,enterprise,North,8,39.18,No
CUST1539,47,58499.84,13,enterprise,East,5,10.35,Yes
CUST1540,19,54986.78,23,basic,North,7,29.77,No
CUST1541,43,45176.07,24,pro,West,5,36.04,No
CUST1542,40,,37,enterprise,North,7,18.12,No
CUST1543,32,55965.34,23,enterprise,North,9,1.88,No
CUST1544,63,91725.57,11,enterprise,East,8,31.66,No
CUST1545,65,47612.42,23,enterprise,West,2,15.53,No
CUST1546,30,28910.4,32,enterprise,South,7,22.1,No
CUST1547,27,39671.94,53,enterprise,South,2,1.19,No
CUST1548,25,62272.04,59,basic,South,8,1.43,No
CUST1549,63,70372.02,59,basic,South,2,6.55,No
CUST1550,26,42071.84,17,basic,West,3,20.77,Yes
CUST1551,18,63239.14,10,enterprise,South,8,10.6,Yes
CUST1552,56,66760.32,37,enterprise,North,7,28.63,No
CUST1553,71,34982.75,31,basic,West,1,34.81,No
CUST1554,44,63139.2,40,basic,East,6,30.78,No
CUST1555,28,62235.36,27,pro,East,2,25.58,No
CUST1556,55,44382.72,11,pro,West,7,30.86,Yes
CUST1557,35,41543.36,37,enterprise,South,8,7.18,No
CUST1558,22,39712.44,27,pro,East,6,26.0,No
CUST1559,53,83113.42,46,pro,East,8,25.38,No
CUST1560,45,45186.0,41,enterprise,North,2,25.25,No
CUST1561,38,31685.34,21,basic,West,2,11.78,Yes
CUST1562,19,,28,pro,East,5,21.1,Yes
CUST1563,68,72633.44,30,basic,East,4,15.79,Yes
CUST1564,34,80547.66,4,pro,North,4,35.71,No
CUST1565,62,47446.93,13,basic,South,2,12.79,Yes
CUST1566,25,49344.64,58,basic,South,8,22.26,No
CUST1567,27,42411.03,47,pro,West,6,4.18,No
CUST1568,56,61508.28,5,basic,South,1,2.04,Yes
CUST1569,28,59240.51,11,basic,East,3,14.75,No
CUST1570,43,37372.22,30,basic,South,2,7.61,No
CUST1571,65,42253.82,39,enterprise,,7,22.12,No
CUST1572,46,67938.66,21,enterprise,West,8,37.76,No
CUST1573,53,33350.62,44,pro,South,0,20.26,No
CUST1574,18,60483.63,45,enterprise,South,9,15.53,No
CUST1575,48,87365.89,39,basic,East,6,8.04,No
CUST1576,60,59045.75,37,enterprise,East,5,25.88,No
CUST1577,39,69187.32,31,pro,North,7,37.24,No
CUST1578,66,66370.5,18,enterprise,West,0,3.95,No
CUST1579,35,67590.66,27,pro,East,1,29.35,No
CUST1580,49,58820.18,4,enterprise,East,4,31.39,Yes
CUST1581,50,68877.54,36,enterprise,East,7,25.9,No
CUST1582,62,44077.47,47,basic,East,0,24.28,No
CUST1583,26,33381.41,54,basic,East,8,1.81,No
CUST1584,72,60468.7,13,pro,West,1,29.3,Yes
CUST1585,29,74189.46,48,basic,South,8,10.78,No
CUST1586,32,24286.92,16,pro,North,3,6.86,Yes
CUST1587,67,66507.93,39,pro,South,1,16.94,No
CUST1588,21,51614.8,29,pro,South,4,6.84,No
CUST1589,43,79289.28,57,pro,West,7,37.36,No
CUST1590,49,53591.9,10,pro,North,5,15.5,Yes
CUST1591,49,15700.68,24,enterprise,South,5,30.93,Yes
CUST1592,36,37236.76,49,enterprise,East,7,38.0,No
CUST1593,60,44703.97,38,basic,East,4,38.79,No
CUST1594,22,42366.06,4,basic,North,3,26.93,Yes
CUST1595,30,40976.89,0,pro,North,6,3.96,Yes
CUST1596,62,68562.2,57,enterprise,South,0,23.14,No
CUST1597,32,81791.59,17,enterprise,East,6,16.5,No
CUST1598,71,46570.39,53,enterprise,East,8,6.34,No
CUST1599,19,102804.55,39,enterprise,West,2,15.19,No
CUST1600,41,51718.36,10,basic,South,1,23.75,No
CUST1601,50,45438.69,31,pro,West,8,30.13,Yes
CUST1602,26,54236.58,15,pro,South,1,33.48,No
CUST1603,48,53075.69,42,basic,West,8,9.93,Yes
CUST1604,30,58003.8,21,basic,East,1,17.23,No
CUST1605,46,52327.28,19,pro,East,1,28.4,No
CUST1606,20,12000,47,enterprise,South,0,11.75,No
CUST1607,51,50802.33,32,pro,South,3,26.95,No
CUST1608,23,53108.61,44,basic,West,1,8.34,No
CUST1609,41,45593.8,42,pro,South,0,16.33,No
CUST1610,27,56714.94,12,pro,North,6,20.34,Yes
CUST1611,60,70331.79,28,pro,North,9,32.67,Yes
CUST1612,48,30296.87,1,enterprise,South,9,39.41,Yes
CUST1613,68,54460.9,20,basic,North,3,23.53,Yes
CUST1614,62,,52,pro,South,7,17.8,No
CUST1615,64,41377.4,58,basic,East,1,5.05,No
CUST1616,18,70645.26,5,pro,East,8,34.67,No
CUST1617,59,58684.03,34,basic,East,8,8.56,Yes
CUST1618,40,,14,enterprise,East,8,5.58,Yes
CUST1619,56,59778.93,17,basic,West,5,20.94,No
CUST1620,50,32659.42,18,pro,North,4,19.56,Yes
CUST1621,46,68290.16,29,pro,North,5,29.47,No
CUST1622,68,28254.51,16,enterprise,East,0,11.28,No
CUST1623,20,31762.18,56,enterprise,East,3,13.95,No
CUST1624,65,50502.83,23,basic,East,7,2.21,Yes
CUST1625,44,63595.25,26,basic,East,2,38.98,No
CUST1626,35,74256.72,15,pro,North,2,35.68,No
CUST1627,67,56070.61,7,pro,West,8,16.2,Yes
CUST1628,19,44014.64,50,basic,East,1,30.57,No
CUST1629,57,49727.02,37,enterprise,South,4,4.38,No
CUST1630,33,54220.2,36,pro,North,0,23.08,No
CUST1631,23,,13,pro,East,6,36.65,No
CUST1632,39,63821.16,54,pro,South,5,23.7,No
CUST1633,68,39054.34,30,enterprise,West,7,39.49,No
CUST1634,32,43930.48,38,pro,West,2,32.09,No
CUST1635,66,51511.74,56,basic,East,7,34.91,Yes
CUST1636,23,52634.37,26,enterprise,West,4,36.81,No
CUST1637,63,61296.13,31,basic,East,4,34.52,No
CUST1638,40,64532.48,35,enterprise,East,4,30.58,No
CUST1639,71,69604.48,34,enterprise,East,2,13.47,No
CUST1640,44,85858.7,14,pro,North,2,39.94,No
CUST1641,41,42331.05,50,enterprise,West,2,33.36,No
CUST1642,19,28110.67,20,enterprise,West,0,20.13,No
CUST1643,29,61031.57,11,pro,South,9,30.93,Yes
CUST1644,36,43847.94,30,enterprise,North,2,11.31,No
CUST1645,57,60867.73,53,basic,West,5,22.88,No
CUST1646,46,42884.47,3,enterprise,North,1,24.67,No
CUST1647,50,50267.34,54,basic,South,8,1.42,Yes
CUST1648,23,63798.62,34,basic,South,3,12.9,No
CUST1649,26,48937.98,4,basic,North,0,6.81,Yes
CUST1650,65,78778.3,28,enterprise,East,8,37.1,No
CUST1651,32,38112.59,42,enterprise,West,9,24.23,No
CUST1652,52,24616.91,29,basic,South,4,11.19,Yes
CUST1653,26,46559.75,14,basic,South,7,38.19,Yes
CUST1654,50,29718.33,49,enterprise,East,6,8.78,No
CUST1655,60,60522.96,48,basic,West,2,19.14,No
CUST1656,30,45115.94,36,basic,East,4,14.27,No
CUST1657,55,42128.22,27,basic,East,4,31.83,Yes
CUST1658,54,46180.32,49,basic,East,1,31.56,No
CUST1659,45,64799.27,27,basic,North,2,16.77,No
CUST1660,32,41485.6,17,basic,North,2,29.02,Yes
CUST1661,55,35260.23,32,pro,North,0,39.22,No
CUST1662,67,47491.33,27,basic,East,9,9.52,Yes
CUST1663,41,75006.15,41,basic,East,2,10.47,No
CUST1664,21,69145.37,3,basic,South,3,3.82,Yes
CUST1665,49,52125.7,58,pro,South,5,10.08,No
CUST1666,66,52342.06,21,enterprise,North,7,28.04,No
CUST1667,31,43794.39,24,pro,West,3,12.84,No
CUST1668,50,51707.66,37,enterprise,West,4,7.54,No
CUST1669,44,53228.76,13,pro,South,8,20.59,Yes
CUST1670,45,54592.29,40,pro,South,3,19.06,No
CUST1671,63,,9,enterprise,West,0,26.48,Yes
CUST1672,38,40479.21,4,basic,North,1,11.83,Yes
CUST1673,52,48406.57,5,enterprise,North,4,1.49,Yes
CUST1674,29,35032.38,47,pro,North,1,21.15,No
CUST1675,42,80572.92,24,basic,East,7,26.03,No
CUST1676,66,23542.94,37,basic,West,4,35.02,Yes
CUST1677,66,40297.22,38,enterprise,South,6,6.37,Yes
CUST1678,25,36597.94,2,enterprise,West,4,36.48,Yes
CUST1679,24,58836.19,19,enterprise,North,6,14.88,No
CUST1680,19,58606.96,5,basic,South,9,20.95,Yes
CUST1681,44,32190.2,20,basic,North,8,37.81,Yes
CUST1682,25,56698.84,44,basic,East,7,11.93,No
CUST1683,47,40419.24,17,enterprise,North,1,32.15,No
CUST1684,25,39707.21,18,enterprise,East,5,10.27,No
CUST1685,56,85556.47,27,pro,East,9,32.16,No
CUST1686,26,59489.79,5,pro,South,5,10.73,Yes
CUST1687,47,62665.18,19,enterprise,North,2,19.29,No
CUST1688,20,83996.83,25,pro,West,3,15.3,No
CUST1689,59,46773.4,25,enterprise,West,3,15.93,No
CUST1690,39,69891.54,53,basic,South,1,28.74,No
CUST1691,68,48881.16,30,pro,East,9,15.05,No
CUST1692,72,42432.13,5,basic,South,7,13.79,Yes
CUST1693,63,12000,51,pro,East,4,3.74,Yes
CUST1694,45,55368.33,28,enterprise,West,0,4.21,No
CUST1695,33,59241.78,45,pro,North,3,18.21,No
CUST1696,54,85317.37,7,enterprise,North,9,32.48,No
CUST1697,70,24692.51,29,pro,East,6,6.85,Yes
CUST1698,68,56110.87,38,pro,South,4,22.89,No
CUST1699,41,47541.71,16,enterprise,East,4,37.52,No
CUST1700,47,31749.94,58,basic,South,1,10.3,No
CUST1701,26,54758.0,42,pro,South,5,39.87,No
CUST1702,58,67323.14,3,basic,West,1,3.16,Yes
CUST1703,65,18163.61,26,basic,South,0,23.66,No
CUST1704,49,47257.21,56,enterprise,North,5,1.97,No
CUST1705,32,50723.37,6,basic,West,7,28.06,Yes
CUST1706,55,41931.68,24,enterprise,East,6,25.02,No
CUST1707,42,57777.71,42,basic,West,6,32.11,No
CUST1708,56,25192.15,54,pro,North,9,35.2,No
CUST1709,18,67632.4,15,pro,West,6,4.59,Yes
CUST1710,21,42153.84,59,enterprise,West,9,32.06,No
CUST1711,53,38007.19,9,enterprise,West,4,25.55,Yes
CUST1712,60,66008.55,56,enterprise,North,3,1.72,No
CUST1713,33,48701.94,47,enterprise,East,9,23.68,No
CUST1714,24,52338.82,24,pro,South,7,7.41,No
CUST1715,41,,31,basic,North,2,33.61,No
CUST1716,61,57244.38,21,basic,South,6,5.78,Yes
CUST1717,55,74601.45,29,enterprise,South,7,32.91,No
CUST1718,27,56274.07,0,basic,East,1,35.98,Yes
CUST1719,51,74940.76,20,basic,South,5,28.39,Yes
CUST1720,61,40268.54,16,enterprise,South,2,24.78,No
CUST1721,62,44210.92,7,basic,East,0,12.6,Yes
CUST1722,67,39383.2,34,basic,West,1,4.17,Yes
CUST1723,31,75956.55,5,enterprise,West,1,5.47,No
CUST1724,44,46394.46,25,pro,South,3,23.71,No
CUST1725,47,27683.99,8,pro,North,4,17.03,Yes
CUST1726,45,46056.79,55,enterprise,West,4,15.5,No
CUST1727,46,68010.4,27,pro,West,4,16.1,No
CUST1728,59,61434.91,0,pro,West,5,15.36,Yes
CUST1729,65,65783.89,9,pro,West,8,5.57,Yes
CUST1730,36,81629.17,59,enterprise,West,9,38.59,No
CUST1731,58,49139.19,45,basic,East,8,32.87,No
CUST1732,31,49102.68,26,enterprise,South,1,4.02,No
CUST1733,42,56508.09,42,enterprise,West,6,14.94,No
CUST1734,51,71978.42,48,pro,East,9,17.02,No
CUST1735,55,12000,21,pro,West,5,39.98,Yes
CUST1736,49,41947.61,3,basic,North,5,12.27,Yes
CUST1737,49,55267.83,34,pro,North,0,29.41,No
CUST1738,23,25792.85,52,enterprise,East,5,3.14,No
CUST1739,32,56603.93,20,basic,West,4,15.17,No
CUST1740,47,64286.86,29,enterprise,East,2,24.04,No
CUST1741,53,64488.39,23,enterprise,East,8,9.83,No
CUST1742,42,55733.39,0,basic,West,6,31.41,Yes
CUST1743,32,41866.74,13,enterprise,East,8,30.54,Yes
CUST1744,42,79787.21,36,basic,West,5,20.17,No
CUST1745,56,,2,pro,South,5,19.14,Yes
CUST1746,60,48716.92,48,pro,South,4,21.64,No
CUST1747,30,68077.08,1,basic,East,5,36.66,Yes
CUST1748,44,51083.03,48,enterprise,South,1,12.48,No
CUST1749,59,80187.77,18,enterprise,East,4,26.5,No
CUST1750,32,45208.88,12,pro,East,5,1.44,Yes
CUST1751,18,12438.9,8,basic,East,1,25.7,Yes
CUST1752,45,51989.58,28,pro,East,5,21.27,No
CUST1753,39,32365.55,16,enterprise,South,7,20.2,Yes
CUST1754,34,46333.42,59,basic,South,0,8.28,No
CUST1755,61,59502.88,31,pro,North,3,26.77,No
CUST1756,48,61622.86,2,basic,East,5,5.15,Yes
CUST1757,29,73653.08,33,enterprise,South,6,5.5,No
CUST1758,48,68057.45,50,pro,South,5,1.29,No
CUST1759,30,15473.78,7,enterprise,West,3,24.23,Yes
CUST1760,24,59480.53,41,pro,East,1,16.72,No
CUST1761,58,30426.07,30,pro,East,4,32.69,No
CUST1762,29,79841.73,43,enterprise,West,3,38.98,No
CUST1763,23,21551.89,2,enterprise,South,0,21.31,Yes
CUST1764,60,57077.01,1,pro,East,8,2.12,Yes
CUST1765,65,59750.19,1,enterprise,East,2,19.73,Yes
CUST1766,45,47209.22,6,pro,North,6,27.97,Yes
CUST1767,27,54801.37,56,basic,West,4,11.01,No
CUST1768,59,,54,enterprise,South,8,9.0,No
CUST1769,38,52668.75,11,basic,North,7,19.63,Yes
CUST1770,64,55979.71,48,enterprise,South,2,22.42,No
CUST1771,28,71657.01,13,pro,North,3,17.92,No
CUST1772,39,35378.66,33,enterprise,South,0,26.41,No
CUST1773,66,47328.78,21,pro,West,1,17.57,No
CUST1774,43,59481.34,19,enterprise,North,7,1.17,No
CUST1775,46,55671.7,2,basic,North,2,35.02,Yes
CUST1776,47,35786.31,58,basic,South,7,10.57,Yes
CUST1777,48,44511.34,11,pro,North,5,23.95,Yes
CUST1778,47,88145.8,27,enterprise,South,1,29.12,No
CUST1779,68,80867.45,39,basic,North,9,0.81,Yes
CUST1780,63,50991.82,14,pro,East,3,23.13,Yes
CUST1781,70,,33,pro,North,5,34.95,No
CUST1782,57,60535.26,53,basic,West,1,13.22,No
CUST1783,52,26692.69,32,pro,East,9,27.51,Yes
CUST1784,36,50704.89,58,enterprise,South,9,8.1,No
CUST1785,39,65681.63,19,pro,West,6,6.61,No
CUST1786,70,62697.8,58,enterprise,East,3,15.56,No
CUST1787,41,81577.61,32,enterprise,South,2,7.49,No
CUST1788,52,49719.21,47,pro,South,1,38.5,No
CUST1789,36,38463.15,15,pro,East,5,27.25,Yes
CUST1790,65,69476.51,7,enterprise,North,0,6.99,Yes
CUST1791,70,29938.46,12,basic,West,8,30.26,Yes
CUST1792,37,50816.64,7,pro,East,8,12.23,Yes
CUST1793,69,65067.52,45,enterprise,East,4,11.33,No
CUST1794,67,73214.81,22,enterprise,South,6,13.92,No
CUST1795,58,70694.94,18,basic,North,8,7.38,Yes
CUST1796,48,77824.95,26,enterprise,,2,2.16,No
CUST1797,38,53890.46,3,basic,South,4,12.13,Yes
CUST1798,24,42627.2,57,pro,South,8,26.53,No
CUST1799,28,42497.86,19,pro,South,8,13.3,Yes
CUST1800,68,64188.6,59,pro,North,8,22.39,No
CUST1801,54,51755.1,56,pro,East,6,1.25,No
CUST1802,68,17794.38,16,pro,North,2,30.06,Yes
CUST1803,40,46886.76,53,pro,West,0,13.92,No
CUST1804,65,49864.11,45,enterprise,West,5,30.52,No
CUST1805,35,55954.28,55,pro,North,3,26.45,No
CUST1806,51,44671.51,11,pro,North,2,36.83,No
CUST1807,61,,53,enterprise,North,3,2.54,No
CUST1808,67,66024.51,56,basic,South,8,34.39,No
CUST1809,48,52560.0,53,basic,East,4,22.58,No
CUST1810,20,30323.33,43,enterprise,West,2,22.73,No
CUST1811,59,86098.07,45,enterprise,West,8,34.07,No
CUST1812,63,59599.53,36,basic,West,0,36.67,No
CUST1813,43,46566.73,28,enterprise,North,7,36.4,No
CUST1814,46,34766.15,34,pro,West,3,33.13,No
CUST1815,40,47302.37,58,enterprise,South,3,9.25,No
CUST1816,35,51364.88,26,pro,West,9,29.24,No
CUST1817,58,47980.69,29,pro,West,0,4.35,No
CUST1818,58,72964.4,54,enterprise,West,2,9.62,No
CUST1819,56,53372.14,22,pro,West,9,30.19,Yes
CUST1820,39,64004.17,19,basic,South,0,23.78,No
CUST1821,52,65806.43,14,enterprise,North,0,15.24,No
CUST1822,39,51920.5,60,enterprise,East,8,25.81,No
CUST1823,63,82951.21,16,basic,,6,1.47,Yes
CUST1824,21,41761.41,45,enterprise,West,1,23.97,No
CUST1825,34,46837.44,4,enterprise,West,7,31.89,Yes
CUST1826,52,65568.95,21,enterprise,West,4,16.65,Yes
CUST1827,30,90399.96,34,enterprise,North,2,32.02,No
CUST1828,44,33812.94,27,basic,North,1,33.06,No
CUST1829,46,,56,enterprise,South,0,39.39,No
CUST1830,38,68889.44,15,basic,North,7,8.77,Yes
CUST1831,24,52904.85,37,basic,East,6,12.98,No
CUST1832,43,42787.73,24,pro,South,8,4.51,Yes
CUST1833,49,72923.92,42,pro,South,1,24.67,No
CUST1834,48,45768.93,55,pro,West,2,37.22,No
CUST1835,56,72400.19,21,pro,South,9,25.4,Yes
CUST1836,62,65006.32,32,pro,West,8,26.26,Yes
CUST1837,40,59242.97,4,pro,North,7,7.62,Yes
CUST1838,60,36058.14,37,basic,West,3,1.57,Yes
CUST1839,30,52523.8,20,basic,East,9,8.11,Yes
CUST1840,18,,47,enterprise,North,0,26.81,No
CUST1841,24,92351.17,33,pro,West,5,39.63,No
CUST1842,65,39412.82,37,basic,South,7,12.85,Yes
CUST1843,52,39088.95,57,pro,North,1,30.95,No
CUST1844,68,68628.41,7,enterprise,,1,31.77,No
CUST1845,23,66152.61,40,enterprise,South,6,34.35,No
CUST1846,18,44690.07,44,enterprise,South,8,31.09,No
CUST1847,23,57209.81,11,pro,East,6,39.55,No
CUST1848,26,22119.35,12,enterprise,East,8,0.78,Yes
CUST1849,31,51125.89,56,basic,East,0,34.01,No
CUST1850,44,66359.65,5,basic,North,4,21.88,Yes
CUST1851,23,49415.08,13,basic,South,9,21.41,Yes
CUST1852,33,50920.72,55,pro,West,2,18.22,No
CUST1853,72,45570.29,30,pro,East,0,29.49,No
CUST1854,22,60655.7,42,enterprise,South,0,6.86,No
CUST1855,41,43993.95,0,pro,South,5,5.83,Yes
CUST1856,27,82269.45,47,enterprise,West,0,26.19,No
CUST1857,60,60207.48,57,basic,,8,18.41,No
CUST1858,29,,40,enterprise,West,8,3.22,Yes
CUST1859,72,57263.65,49,basic,South,7,14.18,No
CUST1860,70,92302.32,17,basic,East,6,23.18,Yes
CUST1861,42,37741.64,33,basic,South,2,34.62,No
CUST1862,27,21014.81,48,basic,West,8,38.13,No
CUST1863,43,65152.91,56,pro,,3,3.02,No
CUST1864,61,69173.65,38,basic,North,5,9.99,No
CUST1865,39,33777.19,36,pro,South,8,36.44,No
CUST1866,20,78571.9,13,basic,West,7,36.39,No
CUST1867,65,47355.92,27,pro,East,4,39.59,No
CUST1868,34,,44,basic,West,7,14.62,Yes
CUST1869,52,58794.16,31,pro,North,1,35.33,No
CUST1870,48,32335.44,24,enterprise,South,7,1.23,Yes
CUST1871,36,68300.06,20,enterprise,West,7,24.39,No
CUST1872,31,61467.45,21,pro,South,9,17.85,Yes
CUST1873,59,26592.42,15,pro,North,2,21.61,Yes
CUST1874,65,46047.08,31,pro,West,8,15.07,Yes
CUST1875,32,42023.9,47,enterprise,North,3,19.03,No
CUST1876,50,57211.54,50,basic,North,1,14.6,No
CUST1877,48,30811.11,58,pro,South,0,33.3,No
CUST1878,49,57970.54,30,pro,West,0,4.76,No
CUST1879,64,55025.43,18,basic,East,9,34.18,Yes
CUST1880,33,38369.62,58,enterprise,West,2,19.07,No
CUST1881,52,44648.28,59,basic,East,7,3.22,No
CUST1882,34,58004.49,7,basic,South,8,38.96,Yes
CUST1883,28,65977.54,33,pro,South,2,6.55,No
CUST1884,67,46520.91,48,basic,West,2,9.32,No
CUST1885,21,41631.47,49,pro,East,1,28.81,No
CUST1886,52,33895.54,47,pro,East,1,33.3,No
CUST1887,24,45880.07,38,enterprise,North,5,34.65,No
CUST1888,66,69846.39,15,enterprise,,1,8.97,Yes
CUST1889,26,29535.39,0,basic,North,2,10.86,Yes
CUST1890,25,64042.04,15,enterprise,North,2,24.46,No
CUST1891,51,59183.17,11,enterprise,North,1,29.75,No
CUST1892,42,37603.14,2,enterprise,South,1,22.84,Yes
CUST1893,45,36738.92,38,enterprise,West,2,2.57,No
CUST1894,18,51254.09,32,pro,East,8,24.16,No
CUST1895,58,58587.58,8,enterprise,North,8,34.74,Yes
CUST1896,33,44466.3,53,pro,East,3,12.72,No
CUST1897,19,66939.4,21,enterprise,West,4,27.47,No
CUST1898,68,67047.8,50,basic,North,3,20.89,No
CUST1899,59,19383.96,35,enterprise,West,7,1.2,Yes
CUST1900,21,,0,pro,East,3,3.91,Yes
CUST1901,40,76333.3,5,pro,North,5,28.18,Yes
CUST1902,50,67145.32,33,basic,South,0,14.12,No
CUST1903,67,64820.81,59,enterprise,North,4,18.81,No
CUST1904,27,60687.28,22,basic,North,1,37.46,No
CUST1905,46,57371.82,36,pro,South,5,36.59,No
CUST1906,60,58552.86,9,basic,North,9,21.95,Yes
CUST1907,23,36932.14,50,enterprise,South,7,21.85,No
CUST1908,32,39554.45,26,pro,South,2,6.74,No
CUST1909,22,53442.97,3,pro,East,1,3.89,Yes
CUST1910,67,25584.21,60,enterprise,West,7,32.14,No
CUST1911,22,49177.52,19,pro,North,9,32.81,Yes
CUST1912,26,36868.86,1,enterprise,East,6,2.06,Yes
CUST1913,59,39342.26,15,pro,West,1,26.22,No
CUST1914,35,43854.16,53,basic,East,0,16.72,No
CUST1915,54,44693.85,34,enterprise,West,1,2.59,No
CUST1916,21,39620.86,14,enterprise,North,5,1.39,Yes
CUST1917,39,48802.97,6,basic,East,4,3.44,Yes
CUST1918,66,53828.91,54,basic,South,1,27.42,No
CUST1919,45,46307.51,50,pro,East,3,0.84,No
CUST1920,59,35745.28,12,enterprise,East,8,19.17,Yes
CUST1921,58,55687.43,32,enterprise,South,2,30.51,No
CUST1922,68,61872.2,12,enterprise,West,8,7.55,Yes
CUST1923,72,51515.6,30,enterprise,North,0,2.94,No
CUST1924,29,41990.36,54,basic,South,7,22.11,No
CUST1925,59,33973.21,9,basic,South,8,20.51,Yes
CUST1926,21,22894.55,54,enterprise,North,8,6.27,No
CUST1927,66,27413.61,20,pro,East,0,38.15,No
CUST1928,53,61283.69,22,basic,East,5,7.67,Yes
CUST1929,31,43874.64,17,enterprise,West,6,25.61,No
CUST1930,55,28144.23,41,pro,West,1,12.18,No
CUST1931,57,61575.54,21,basic,South,3,33.46,No
CUST1932,65,41274.9,51,basic,West,6,34.73,No
CUST1933,65,64778.54,60,pro,North,1,3.99,No
CUST1934,41,33154.35,16,basic,South,2,3.05,No
CUST1935,41,83677.29,60,basic,West,0,34.32,No
CUST1936,36,35386.85,27,basic,West,9,6.26,Yes
CUST1937,25,48717.38,37,pro,East,0,33.31,No
CUST1938,53,52683.82,9,pro,South,6,7.82,Yes
CUST1939,32,53800.47,32,basic,West,5,4.95,No
CUST1940,43,50732.61,44,enterprise,North,6,35.38,No
CUST1941,36,77603.05,42,pro,North,8,26.86,No
CUST1942,72,62765.43,1,pro,North,2,9.29,Yes
CUST1943,53,41591.62,0,pro,West,0,8.95,Yes
CUST1944,25,46745.67,37,pro,South,0,28.22,No
CUST1945,57,66648.58,36,pro,West,0,16.19,No
CUST1946,66,40895.72,31,basic,North,2,13.86,Yes
CUST1947,71,36737.64,59,pro,East,6,26.36,No
CUST1948,20,63755.58,38,basic,South,1,1.96,No
CUST1949,41,52567.45,26,enterprise,North,8,14.72,Yes
CUST1950,44,35983.04,44,enterprise,North,7,37.18,No
CUST1951,40,36713.99,33,enterprise,South,5,30.09,No
CUST1952,72,41308.52,39,enterprise,South,7,16.89,No
CUST1953,18,42037.0,30,pro,West,5,34.37,No
CUST1954,31,64822.0,34,pro,South,3,37.24,No
CUST1955,72,59509.69,42,pro,East,2,26.73,No
CUST1956,53,54272.45,7,enterprise,North,9,4.0,Yes
CUST1957,65,59857.33,49,enterprise,South,6,7.83,No
CUST1958,22,47629.57,29,enterprise,North,8,11.47,No
CUST1959,48,74367.54,9,basic,West,2,0.94,Yes
CUST1960,58,25598.91,2,basic,South,1,1.88,Yes
CUST1961,66,49857.78,13,pro,East,1,20.46,No
CUST1962,25,12000,53,basic,South,7,36.74,No
CUST1963,51,58166.94,7,basic,South,5,24.76,Yes
CUST1964,54,65969.43,23,pro,East,3,36.99,No
CUST1965,55,51144.38,52,basic,,8,11.04,No
CUST1966,50,25670.41,4,enterprise,South,4,36.47,Yes
CUST1967,28,55916.86,23,enterprise,North,4,11.03,No
CUST1968,64,46680.78,33,pro,West,4,20.57,No
CUST1969,28,65919.01,19,pro,North,6,35.34,Yes
CUST1970,33,71555.92,12,pro,West,5,23.14,No
CUST1971,43,37740.5,34,basic,East,7,33.86,Yes
CUST1972,62,72173.88,11,enterprise,North,7,12.19,Yes
CUST1973,21,62848.84,52,basic,North,4,32.05,No
CUST1974,34,,33,pro,East,0,4.86,No
CUST1975,24,77647.65,35,enterprise,South,5,33.46,No
CUST1976,20,56890.45,44,pro,South,2,34.63,No
CUST1977,29,59871.21,30,basic,North,8,2.27,Yes
CUST1978,65,70372.86,50,pro,North,9,21.67,No
CUST1979,36,65242.87,26,pro,North,2,27.63,No
CUST1980,72,60068.8,23,enterprise,East,1,4.69,No
CUST1981,43,48090.13,51,enterprise,West,4,11.66,No
CUST1982,52,72997.38,8,enterprise,East,0,36.22,No
CUST1983,36,50034.95,15,basic,North,9,10.52,Yes
CUST1984,27,60440.32,59,basic,South,1,28.11,No
CUST1985,56,79870.91,53,basic,East,1,32.89,No
CUST1986,41,58370.59,48,enterprise,North,9,4.23,No
CUST1987,60,46801.79,25,pro,South,6,34.92,No
CUST1988,57,58789.22,39,enterprise,South,9,24.05,No
CUST1989,34,48658.69,13,pro,North,6,21.07,No
CUST1990,31,27433.85,45,enterprise,North,7,36.25,No
CUST1991,18,24119.23,43,pro,North,4,16.71,No
CUST1992,36,40313.14,19,pro,East,2,30.92,No
CUST1993,51,72723.85,20,enterprise,South,7,32.35,No
CUST1994,47,53127.45,25,enterprise,East,2,36.02,No
CUST1995,38,46631.35,30,pro,,6,9.41,No
CUST1996,35,82202.9,48,enterprise,,4,10.37,No
CUST1997,59,63465.04,5,pro,West,2,24.93,No
CUST1998,32,51482.71,47,basic,South,3,10.03,No
CUST1999,23,59353.09,2,basic,East,2,38.85,No
CUST2000,42,42202.01,54,basic,East,5,30.08,No
CUST2001,26,24845.27,12,pro,East,3,32.2,Yes
CUST2002,26,51313.63,29,enterprise,East,2,30.7,No
CUST2003,30,51570.35,23,enterprise,West,0,6.97,No
CUST2004,51,63443.84,41,enterprise,West,7,38.56,No
CUST2005,31,43832.6,14,pro,South,7,9.37,Yes
CUST2006,31,51027.59,24,pro,South,9,20.16,Yes
CUST2007,19,37272.44,56,pro,South,8,23.0,No
CUST2008,27,33135.08,12,basic,East,9,10.56,Yes
CUST2009,58,18479.6,19,basic,North,5,21.6,Yes
CUST2010,60,77612.28,57,enterprise,North,8,14.03,No
CUST2011,32,58214.61,22,enterprise,,6,17.36,No
CUST2012,44,59359.86,59,basic,North,4,23.18,No
CUST2013,51,70480.25,25,basic,North,9,19.4,Yes
CUST2014,21,46835.4,37,enterprise,North,6,4.93,No
CUST2015,34,46190.0,16,enterprise,West,4,21.3,Yes
CUST2016,23,55900.44,6,pro,East,6,29.59,Yes
CUST2017,30,52447.34,36,basic,South,4,14.41,No
CUST2018,23,64047.59,60,enterprise,North,9,18.19,No
CUST2019,67,43680.18,20,basic,North,1,0.97,Yes
CUST2020,44,60929.64,13,pro,South,5,38.45,No
CUST2021,44,73239.25,14,basic,East,2,37.1,No
CUST2022,48,20463.69,57,enterprise,West,7,10.13,No
CUST2023,71,62030.62,60,pro,East,6,29.55,No
CUST2024,51,26925.75,9,enterprise,East,3,38.07,No
CUST2025,66,71722.96,44,basic,South,2,23.73,No
CUST2026,42,45091.54,23,basic,East,3,23.85,Yes
CUST2027,68,77259.77,37,basic,West,6,13.65,No
CUST2028,49,25799.14,21,enterprise,South,3,31.88,No
CUST2029,71,65139.42,52,basic,West,1,18.41,No
CUST2030,43,46195.26,44,pro,South,9,35.14,No
CUST2031,48,45303.71,50,pro,East,5,24.16,No
CUST2032,23,40598.38,6,basic,South,0,30.56,No
CUST2033,46,53131.24,36,enterprise,South,1,11.78,No
CUST2034,66,53273.75,9,pro,South,4,39.11,Yes
CUST2035,51,58314.47,3,pro,North,0,35.42,No
CUST2036,29,24216.8,42,pro,South,9,37.44,No
CUST2037,39,44758.13,21,basic,North,8,24.49,Yes
CUST2038,32,63970.35,18,pro,West,1,0.87,No
CUST2039,39,67815.86,47,enterprise,West,4,18.33,No
CUST2040,67,66661.91,49,enterprise,South,3,0.81,No
CUST2041,39,46427.16,45,pro,South,7,36.52,No
CUST2042,42,46958.23,33,pro,North,0,30.48,No
CUST2043,23,26849.06,1,basic,South,0,10.37,Yes
CUST2044,51,33747.21,31,enterprise,North,6,26.4,No
CUST2045,71,60480.47,9,enterprise,West,1,6.58,Yes
CUST2046,44,62742.92,48,enterprise,West,0,21.19,No
CUST2047,52,51415.7,55,pro,,6,12.35,No
CUST2048,28,33844.19,53,pro,East,6,16.0,No
CUST2049,32,26094.55,26,basic,East,6,25.65,Yes
CUST2050,31,36851.98,1,basic,South,5,37.72,Yes
CUST2051,26,49322.09,44,pro,South,4,25.1,No
CUST2052,48,38587.34,24,pro,North,3,19.91,No
CUST2053,28,35382.23,31,pro,North,3,18.78,No
CUST2054,36,47245.48,18,pro,East,1,23.33,No
CUST2055,43,59865.42,10,enterprise,West,4,23.59,No
CUST2056,61,59697.38,19,pro,South,2,17.56,No
CUST2057,61,,41,basic,West,9,6.49,Yes
CUST2058,28,84838.8,2,basic,East,0,4.75,No
CUST2059,38,77995.2,44,enterprise,East,5,23.7,No
CUST2060,43,44520.19,45,pro,West,7,12.78,No
CUST2061,48,53305.84,16,pro,East,5,28.34,No
CUST2062,64,36462.3,0,pro,East,5,31.19,Yes
CUST2063,47,54592.99,23,basic,East,7,32.18,Yes
CUST2064,62,31640.39,51,pro,West,5,19.28,No
CUST2065,65,30988.31,13,pro,West,0,36.02,No
CUST2066,42,82184.18,57,enterprise,North,8,11.71,No
CUST2067,68,12000,46,pro,North,7,17.14,Yes
CUST2068,27,49990.11,31,pro,East,7,32.29,No
CUST2069,33,86596.12,11,basic,North,6,24.82,No
CUST2070,38,44450.3,23,pro,North,4,9.58,No
CUST2071,22,33692.29,56,enterprise,West,7,39.5,No
CUST2072,71,52949.39,18,pro,East,2,16.77,No
CUST2073,23,57169.29,41,enterprise,East,2,35.03,No
CUST2074,32,52726.27,33,enterprise,West,2,39.12,No
CUST2075,35,59979.75,20,enterprise,East,9,29.73,No
CUST2076,65,45446.65,37,basic,West,8,27.15,Yes
CUST2077,44,39813.44,58,basic,West,9,7.43,Yes
CUST2078,54,59369.62,30,basic,East,3,10.43,Yes
CUST2079,35,38900.54,43,basic,West,4,3.02,No
CUST2080,68,47592.97,2,pro,West,1,5.79,Yes
CUST2081,22,50590.05,6,basic,West,6,28.67,Yes
CUST2082,20,74564.67,40,pro,East,8,20.44,No
CUST2083,71,60929.4,36,enterprise,East,5,13.78,Yes
CUST2084,23,34716.76,12,enterprise,West,3,11.72,No
CUST2085,25,35547.14,15,enterprise,South,7,9.61,Yes
CUST2086,72,71906.63,25,pro,South,7,25.2,Yes
CUST2087,51,62394.38,19,enterprise,West,9,2.56,No
CUST2088,69,70632.89,57,pro,West,4,11.73,No
CUST2089,64,52088.38,58,basic,North,1,24.05,No
CUST2090,66,56257.11,6,enterprise,East,3,21.69,Yes
CUST2091,70,58696.91,42,pro,West,8,2.56,Yes
CUST2092,32,58648.66,10,basic,North,8,24.25,Yes
CUST2093,63,56656.32,21,basic,West,3,30.37,No
CUST2094,52,46153.95,32,basic,East,5,4.11,Yes
CUST2095,43,108139.83,51,basic,North,8,35.1,No
CUST2096,23,71376.28,43,pro,South,9,28.96,No
CUST2097,72,54544.78,31,basic,West,0,10.58,No
CUST2098,26,61031.1,13,pro,South,1,17.64,No
CUST2099,36,52441.58,58,enterprise,East,9,2.37,No
CUST2100,68,55560.69,23,pro,North,5,22.54,No
CUST2101,42,44510.57,28,enterprise,North,6,30.59,No
CUST2102,22,41456.4,20,pro,West,3,39.82,No
CUST2103,29,83178.06,35,pro,East,0,1.42,No
CUST2104,59,29574.44,9,enterprise,East,2,21.38,Yes
CUST2105,38,63231.13,19,enterprise,East,6,19.69,No
CUST2106,37,61597.05,30,enterprise,East,3,30.1,No
CUST2107,32,68510.89,9,enterprise,East,2,15.8,No
CUST2108,65,68791.44,7,enterprise,North,9,36.12,Yes
CUST2109,60,34739.47,29,enterprise,North,2,6.02,No
CUST2110,64,80578.06,30,enterprise,West,1,20.51,No
CUST2111,22,60840.41,9,enterprise,West,8,4.41,No
CUST2112,64,69667.99,41,basic,South,8,22.19,No
CUST2113,48,26373.34,43,basic,East,6,35.23,No
CUST2114,50,91295.39,59,basic,West,4,16.41,No
CUST2115,71,40720.36,50,pro,South,1,10.75,No
CUST2116,51,20977.56,46,enterprise,North,9,5.81,Yes
CUST2117,66,57090.83,17,pro,,8,20.56,Yes
CUST2118,22,34219.57,50,pro,North,2,36.79,No
CUST2119,27,39115.52,45,basic,East,9,18.72,No
CUST2120,24,63728.6,26,enterprise,West,6,34.64,No
CUST2121,61,27608.6,60,basic,South,2,32.37,No
CUST2122,38,37480.9,5,enterprise,East,4,18.6,Yes
CUST2123,44,,27,enterprise,South,2,7.47,No
CUST2124,71,,51,enterprise,North,7,13.52,No
CUST2125,72,47176.21,9,pro,East,7,34.92,Yes
CUST2126,30,13736.26,48,pro,East,5,38.67,No
CUST2127,34,70478.75,37,basic,West,6,24.86,No
CUST2128,24,44615.71,5,basic,East,4,8.14,Yes
CUST2129,32,56755.52,13,enterprise,North,2,0.95,No
CUST2130,66,54682.19,11,pro,South,4,26.12,Yes
CUST2131,66,28028.01,32,basic,North,2,14.28,Yes
CUST2132,42,47754.65,7,basic,South,1,11.0,Yes
CUST2133,52,62031.63,12,enterprise,East,0,12.95,No
CUST2134,60,52405.17,20,enterprise,South,4,6.85,Yes
CUST2135,59,24452.0,7,enterprise,East,7,27.89,Yes
CUST2136,35,36036.76,30,pro,West,1,14.05,No
CUST2137,46,34701.13,1,basic,North,6,18.66,Yes
CUST2138,52,31506.4,19,pro,West,0,2.07,Yes
CUST2139,35,25664.31,54,pro,West,2,17.93,No
CUST2140,18,59478.86,14,basic,East,0,14.9,No
CUST2141,24,57645.5,52,pro,East,1,18.07,No
CUST2142,48,50831.25,14,pro,West,6,29.4,No
CUST2143,26,48916.95,26,enterprise,East,4,2.15,No
CUST2144,44,40622.22,59,enterprise,West,5,7.17,No
CUST2145,64,35776.49,11,pro,West,4,39.77,No
CUST2146,28,38650.22,35,basic,South,3,22.88,No
CUST2147,71,37943.85,2,pro,West,3,21.32,Yes
CUST2148,67,,49,enterprise,North,6,13.48,No
CUST2149,61,34703.39,2,pro,South,5,23.99,Yes
CUST2150,19,12000,27,enterprise,East,4,24.48,No
CUST2151,25,64071.77,30,pro,,4,1.68,No
CUST2152,66,65479.09,30,basic,South,4,25.75,No
CUST2153,36,51312.12,14,basic,North,4,11.38,Yes
CUST2154,68,52870.67,3,pro,West,1,32.99,Yes
CUST2155,49,,57,enterprise,North,7,26.32,No
CUST2156,67,22430.09,29,enterprise,West,5,6.39,Yes
CUST2157,56,64764.44,40,basic,North,5,34.97,No
CUST2158,42,55536.63,14,pro,West,1,18.95,No
CUST2159,41,35487.6,9,pro,North,9,17.82,Yes
CUST2160,62,47784.25,43,basic,South,3,2.36,Yes
CUST2161,63,50189.52,3,pro,South,4,22.82,Yes
CUST2162,66,39102.3,29,pro,West,0,6.03,Yes
CUST2163,37,69068.92,9,enterprise,West,2,19.86,No
CUST2164,34,20812.77,13,pro,West,3,12.69,Yes
CUST2165,40,,52,enterprise,East,4,6.78,No
CUST2166,65,79186.44,33,basic,East,8,16.36,Yes
CUST2167,66,31115.47,34,pro,North,9,17.55,Yes
CUST2168,44,25125.63,8,pro,West,1,12.61,Yes
CUST2169,39,62060.73,21,enterprise,West,9,23.28,No
CUST2170,38,42705.89,0,pro,West,8,38.35,Yes
CUST2171,53,69904.79,2,enterprise,West,8,17.44,Yes
CUST2172,44,42522.23,49,basic,West,8,39.65,No
CUST2173,65,14260.76,14,pro,West,9,26.43,Yes
CUST2174,61,62762.9,49,basic,East,4,11.55,No
CUST2175,19,62460.4,15,pro,East,8,7.74,Yes
CUST2176,29,54664.31,25,basic,East,5,27.7,No
CUST2177,32,44929.17,42,basic,South,0,38.89,No
CUST2178,60,40489.23,13,enterprise,West,1,27.87,No
CUST2179,31,45838.89,20,pro,North,3,39.74,No
CUST2180,33,59308.41,18,basic,North,0,17.53,No
CUST2181,43,50994.3,13,basic,North,1,34.64,No
CUST2182,45,38320.05,8,basic,West,4,32.81,Yes
CUST2183,21,54445.23,47,enterprise,East,3,28.63,No
CUST2184,44,73476.78,10,basic,South,8,17.76,Yes
CUST2185,26,44452.16,1,enterprise,North,5,34.14,No
CUST2186,44,43598.79,55,basic,East,3,10.22,No
CUST2187,26,87716.84,44,enterprise,West,6,29.8,No
CUST2188,58,61022.47,57,basic,South,6,7.57,No
CUST2189,50,71592.59,35,basic,South,6,10.73,No
CUST2190,68,37828.08,50,basic,West,9,28.27,Yes
CUST2191,60,40140.68,15,enterprise,West,1,14.39,No
CUST2192,47,56383.34,43,enterprise,North,8,28.81,No
CUST2193,72,64054.01,37,enterprise,East,5,24.52,No
CUST2194,55,71350.39,52,pro,East,6,31.35,No
CUST2195,68,33474.84,60,pro,East,0,22.85,No
CUST2196,69,52376.38,46,enterprise,South,2,22.86,No
CUST2197,67,85160.29,26,basic,West,2,10.24,No
CUST2198,29,61508.77,2,pro,East,6,23.81,Yes
CUST2199,55,44624.65,18,pro,East,7,12.37,Yes
